Workbook
Name Investir_Mes: Planilha1!$J$20
Name Salario_Base: Planilha1!$J$15
Name Sugestao_Investimento: Planilha1!$J$17
Name Taxa_Mensal: Planilha1!$J$22
Name Tempo_Anos: Planilha1!$J$21

Sheet Planilha1
D14: CONFIGURAÇÕES
D15: Sálario | J15: 2594.94
D16: Rendimento Carteira | J16: 0.006
D17: Sugestão de Investimento (30%) | J17: =Salario_Base*30% -> 778.482
D19: INVESTIMENTO INICIAL
D20: Quanto investir por mês ? | J20: 600
D21: Por Quantos Anos ? | J21: 5
D22: Taxa de Rendimento mensal ? | J22: 0.0108
D23: Patrimônio acumulado ? | J23: =FV(Taxa_Mensal,Tempo_Anos*12,Investir_Mes*-1) -> 50282.412
D24: Dividendos Mensais ? | J24: =J23*J16 -> 301.69447
D26: Cenários | J26: Dividendos
C27: 2 | D27: Quantos em 2 Anos? | I27: =FV(Taxa_Mensal,$C27*12,Investir_Mes*-1) -> 16338.518 | J27: =I27*$J$16 -> 98.031109
C28: 5 | D28: Quantos em 5 Anos? | I28: =FV(Taxa_Mensal,$C28*12,Investir_Mes*-1) -> 50282.412 | J28: =I28*$J$16 -> 301.69447
C29: 10 | D29: Quantos em 10 Anos? | I29: =FV(Taxa_Mensal,$C29*12,Investir_Mes*-1) -> 146074.6 | J29: =I29*$J$16 -> 876.4476
C30: 20 | D30: Quantos em 20 Anos? | I30: =FV(Taxa_Mensal,$C30*12,Investir_Mes*-1) -> 676229.4 | J30: =I30*$J$16 -> 4057.3764
C31: 30 | D31: Quantos em 30 Anos? | I31: =FV(Taxa_Mensal,$C31*12,Investir_Mes*-1) -> 2600342.9 | J31: =I31*$J$16 -> 15602.057
D33: PERFIL | I33: Agressivo
D34: VALOR A SER INVESTIDO POR MÊS | I34: =Investir_Mes -> 600
D36: TIPO DE FII | I36: Percentual Sugerido | J36: Valores
C37: PAPEL | D37: PAPEL | I37: =VLOOKUP($I$33&"-"&D37,'Tabela Apoio'!$A:$D,4,FALSE) -> 0.5 | J37: =$I$34*I37 -> 300
C38: TIJOLO | D38: TIJOLO | I38: =VLOOKUP($I$33&"-"&D38,'Tabela Apoio'!$A:$D,4,FALSE) -> 0.1 | J38: =$I$34*I38 -> 60
C39: HÍBRIDOS | D39: HÍBRIDOS | I39: =VLOOKUP($I$33&"-"&D39,'Tabela Apoio'!$A:$D,4,FALSE) -> 0.05 | J39: =$I$34*I39 -> 30
C40: FOFs | D40: FOFs | I40: =VLOOKUP($I$33&"-"&D40,'Tabela Apoio'!$A:$D,4,FALSE) -> 0.05 | J40: =$I$34*I40 -> 30
C41: DESENVOLVIMENTO | D41: DESENVOLVIMENTO | I41: =VLOOKUP($I$33&"-"&D41,'Tabela Apoio'!$A:$D,4,FALSE) -> 0.2 | J41: =$I$34*I41 -> 120
C42: HOTELARIAS | D42: HOTELARIAS | I42: =VLOOKUP($I$33&"-"&D42,'Tabela Apoio'!$A:$D,4,FALSE) -> 0.1 | J42: =$I$34*I42 -> 60
J43: =SUM(J37:L42) -> 600

Sheet Tabela Apoio
A3: CHAVE COMPOSTA | B3: PERFIL | C3: TIPOS DE FIIs | D3: %
A4: =$B$4&"-"&C4 -> Conservador-PAPEL | B4: Conservador | C4: PAPEL | D4: 0.3
A5: =$B$4&"-"&C5 -> Conservador-TIJOLO | B5: Conservador | C5: TIJOLO | D5: 0.5
A6: =$B$4&"-"&C6 -> Conservador-HÍBRIDOS | B6: Conservador | C6: HÍBRIDOS | D6: 0.1
A7: =$B$4&"-"&C7 -> Conservador-FOFs | B7: Conservador | C7: FOFs | D7: 0.1
A8: =$B$4&"-"&C8 -> Conservador-DESENVOLVIMENTO | B8: Conservador | C8: DESENVOLVIMENTO | D8: 0
A9: =$B$4&"-"&C9 -> Conservador-HOTELARIAS | B9: Conservador | C9: HOTELARIAS | D9: 0
A10: =$B$10&"-"&C10 -> Moderado-PAPEL | B10: Moderado | C10: PAPEL | D10: 0.32
A11: =$B$10&"-"&C11 -> Moderado-TIJOLO | B11: Moderado | C11: TIJOLO | D11: 0.35
A12: =$B$10&"-"&C12 -> Moderado-HÍBRIDOS | B12: Moderado | C12: HÍBRIDOS | D12: 0.08
A13: =$B$10&"-"&C13 -> Moderado-FOFs | B13: Moderado | C13: FOFs | D13: 0.05
A14: =$B$10&"-"&C14 -> Moderado-DESENVOLVIMENTO | B14: Moderado | C14: DESENVOLVIMENTO | D14: 0.1
A15: =$B$10&"-"&C15 -> Moderado-HOTELARIAS | B15: Moderado | C15: HOTELARIAS | D15: 0.1
A16: =$B$16&"-"&C16 -> Agressivo-PAPEL | B16: Agressivo | C16: PAPEL | D16: 0.5
A17: =$B$16&"-"&C17 -> Agressivo-TIJOLO | B17: Agressivo | C17: TIJOLO | D17: 0.1
A18: =$B$16&"-"&C18 -> Agressivo-HÍBRIDOS | B18: Agressivo | C18: HÍBRIDOS | D18: 0.05
A19: =$B$16&"-"&C19 -> Agressivo-FOFs | B19: Agressivo | C19: FOFs | D19: 0.05
A20: =$B$16&"-"&C20 -> Agressivo-DESENVOLVIMENTO | B20: Agressivo | C20: DESENVOLVIMENTO | D20: 0.2
A21: =$B$16&"-"&C21 -> Agressivo-HOTELARIAS | B21: Agressivo | C21: HOTELARIAS | D21: 0.1
